Label Name,Food products,Non-food,Product / Organisation,BtoB / BtoC,if retailers own label retailer name,Country name (if country specific) or international,Short description English (Explanation text for the Guide),Short description TRANSLATED (Explanation text for the Guide),Credibility,Environment,Social,Animal Welfare
BEPI,n.a.,,Organisation,BtoB,,international,"The Business Environmental Performance Initiative (BEPI) is a business –driven initiative, providing companies with a practical framework that helps to manage and improve environmental sustainability in the supply chain. The BEPI framework is built on the GSCP Environmental Reference Tools and aligned with the Global Reporting Initiative (GRI). By joining BEPI, a company becomes a member of the initiative’s umbrella organisation, the Foreign Trade Association (FTA), which founded BEPI in 2014 and the Business Social Compliance Initiative (BSCI) in 2003. BEPI is not a certification body or scheme. It is a system that supports companies to continuously improve environmental performance in their supply chain through practical support. In 2016, BEPI had 119 members.","Dieses Gütesiegel / Zertifikat wird vor allem zwischen Unternehmen verwendet (Buisness to Business). Die Business Environmental Performance Initiative (BEPI) ist eine Unternehmensinitiative, die Unternehmen einen praktischen Rahmen bietet, um die ökologische Nachhaltigkeit in der Lieferkette zu steuern und zu verbessern. Das BEPI-Framework baut auf den GSCP Environmental Reference Tools auf und ist an der Global Reporting Initiative (GRI) ausgerichtet. Durch den Beitritt zur BEPI wird ein Unternehmen Mitglied der Dachorganisation der Initiative, der Foreign Trade Association (FTA), die im Jahr 2014 die BEPI und im Jahr 2003 die Business Social Compliance Initiative (BSCI) gründete. BEPI ist keine Zertifizierungsstelle. Es sieht sich als ein Serviceanbieter um Unternehmen dabei zu unterstützen, die Umweltleistung in ihrer Lieferkette durch praktische Hilfestellungen kontinuierlich zu verbessern. Im Jahr 2016 hatte die BEPI 119 Mitglieder.",1,1,1,1
BSCI,n.a.,,Organisation,BtoB,,international,"The Business Social Compliance Initiative is a business-driven initiative for companies committed to improving working conditions in their global supply chain. BSCI’s participants are retailers, importers and brand companies sourcing goods for European markets from international supply chains. To join BSCI you must first become a member of Foreign Trade Association (FTA), the association which runs BSCI and founded it in 2003. In 2016 BSCI had more than 1,900 members.","Dieses Gütesiegel / Zertifikat wird vor allem zwischen Unternehmen verwendet (Buisness to Business). Die Business Social Compliance Initiative ist eine Initiative für Unternehmen, die sich für eine Verbesserung der Arbeitsbedingungen in ihren globalen Lieferketten einsetzen. BSCIs Teilnehmer sind Einzelhändler, Importeure und Markenunternehmen, die Waren aus internationalen Lieferketten für europäische Märkte beziehen. Um BSCI beizutreten, müssen sie zunächst Mitglied der Foreign Trade Association (FTA) werden, dem Verband, der BSCI betreibt und 2003 gegründet hat. 2016 hatte BSCI mehr als 1.900 Mitglieder.",2,1,1,1
ETI,n.a.,,Organisation,BtoB,,international,"The ETI emerged as a response to campaigns from civil society in the 1990s, which exposed exploitation in the production of consumer goods. It is a multi-stakeholder initiative consisting of companies, trade unions and NGOs. The ETI describes a base code derived from ILO conventions. Member companies need to work towards full compliance of the code. It does not certify products or factories but evaluates a random selection of 20% of annual reports. These are reviewed by the ETI board, which evaluates where progress has been made and where further action is required. If member companies do not make sufficient progress, or fail to honor their membership obligations, ETI can terminate their membership. Currently there are 67 full members.","Das ETI war eine Antwort auf Kampagnen der Zivilgesellschaft in den 1990er Jahren, die Ausbeutung in der Produktion von Konsumgütern aufdeckte. Es ist eine Multi-Stakeholder-Initiative, bestehend aus Unternehmen, Gewerkschaften und NGOs. Der ETI hat einen von IAO-Konventionen abgeleiteten Basiscode entwickelt. Mitgliedsunternehmen müssen auf die vollständige Einhaltung des Kodex hinarbeiten. Es werden keine Produkte zertifiziert, sondern eine zufällige Auswahl von 20% die Nachhaltigkeitsberichte (CSR-Berichte) bewertet. Diese werden vom ETI-Vorstand überprüft. Es wird bewertet, wo Fortschritte erzielt wurden und wo weitere Maßnahmen erforderlich sind. Wenn Mitgliedsunternehmen keine ausreichenden Fortschritte machen oder ihren Mitgliedsverpflichtungen nicht nachkommen, kann ETI ihre Mitgliedschaft kündigen. Derzeit gibt es 67 ordentliche Mitglieder.",3,1,3,1
GLOBALG.A.P,"all types of agricultural raw materials (plants, animals, fish)",,Product,BtoB,,international,"GLOBALG.A.P. is a private sector initiative that sets voluntary standards for certification of production processes of agriculture products around the world. It was founded in 1997 by the Europe-Retailer Produce Working Group (EUREP) and is based on membership. Its holistic approach, the Integrated Farm Assessment (IFA) includes food safety and traceability, biodiversity, animal welfare, and quality management. GLOBALG.A.P. Certification is available for three scopes of production (crops, livestock and acquaculture), consisting of a total of 16 standards. In addition to IFA, the GLOBALG.A.P. Risk Assessment on Social Practices (GRASP) is a voluntary ready-to-use module designed to assess social practices on the farm. Currently, more than 160,000 producers in 120 countries are certified.","Dieses Gütesiegel / Zertifikat wird vor allem zwischen Unternehmen verwendet (Buisness to Business). GLOBALG.A.P. ist eine Initiative des Privatsektors, die Standards für die Zertifizierung von Produktionsprozessen von Agrarprodukten auf der ganzen Welt festlegt. Sie wurde 1997 von der Europe-Retailer Produce Working Group (EUREP) gegründet und basiert auf der Mitgliedschaft. Ihr  Ansatz, das Integrated Farm Assessment (IFA), umfasst Lebensmittelsicherheit und Rückverfolgbarkeit, Qulitätsmanagement und zu einem gewissen Grad Biodiversität und Tierschutz. Die GLOBALG.A.P. Zertifizierung ist für drei Produktionsbereiche (Nutzpflanzen, Viehzucht und Aquakultur) verfügbar, die aus insgesamt 16 Standards bestehen. Neben der IFA ist die GLOBALG.A.P. Risk Assessment on Social Practices (GRASP) ein freiwilliges, einsatzbereites Modul zur Risikoabschätzung sozialer Praktiken im Betrieb. Derzeit sind mehr als 160.000 Produzenten in 120 Ländern zertifiziert.",2,1,1,1
GSCP,n.a.,,Organisation,BtoB,,international,"The Global Social Compliance Programme (GSCP) is a corporate-driven programme to promote social and environmental sustainability along global supply chains of retail companies, brand manufacturers, and others. It was launched in 2006 by the world’s largest retailers – Tesco, Wal-Mart, Migros, Carrefour and Metro. GSCP is part of the Consumer Goods Forum (CGF), which is a corporate association that exists since 1953. The CGF is governed by a Board of Directors comprised of 50 CEOs from retailers and manufacturers. Currently, about 400 retailers, manufacturers, service providers, and other stakeholders across 70 countries are members of the CGF. Civil society is consulted through NGO and University representatives in the advisory board of GSCP. GSCP does not verify or certify products or companies. Instead, it offers a suite of voluntary best practice Reference tools that can be used as best practice guidance. Companies, voluntary sustainability standards, auditing bodies or multi-stakeholder initiatives may use the Equivalence Programme (EP) to benchmark their Code of Conduct or standard in terms of social and environmental reference requirements, audit process and methodology.","Dieses Gütesiegel / Zertifikat wird vor allem zwischen Unternehmen verwendet (Buisness to Business). Das Global Social Compliance Program (GSCP) ist ein unternehmensorientiertes Programm zur Förderung der sozialen und ökologischen Nachhaltigkeit entlang globaler Lieferketten von Einzelhandelsunternehmen, Markenherstellern und anderen Unternehmen. Es wurde 2006 von den weltweit größten Einzelhändlern Tesco, Wal-Mart, Migros, Carrefour und Metro lanciert. GSCP ist Teil des Consumer Goods Forum (CGF), einer Unternehmensvereinigung, die seit 1953 besteht. Die CGF wird von einem Verwaltungsrat geleitet, der aus 50 CEOs von Einzelhändlern und Herstellern besteht. Derzeit sind etwa 400 Einzelhändler, Hersteller, Dienstleister und andere Interessengruppen in 70 Ländern Mitglieder der CGF. Die Zivilgesellschaft wird über NGOs und Universitätsvertreter im Beirat von GSCP einbezogen. GSCP prüft oder zertifiziert keine Produkte oder Unternehmen. Stattdessen bietet es eine Reihe von freiwilligen Best-Practice-Referenztools, die als Best-Practice-Anleitung dienen können. Unternehmen, freiwillige Nachhaltigkeitsstandards, Prüfungsgremien oder Multi-Stakeholder-Initiativen können das Äquivalenzprogramm (EP) verwenden, um ihren Verhaltenskodex oder Standard in Bezug auf soziale und ökologische Referenzanforderungen, Prüfungsprozess und Methodik zu bewerten",1,1,1,1
GRI,n.a.,,Organisation,BtoB,,international,"GRI is an international, non-profit organization that is specialized in corporate sustainability reporting since 1997. Its history goes back to the early 1990s, when the Coalition for Environmentally Reponsible Economies (CERES) developed a framework for environmental reporting. GRI aims at integrating sustainability management (e.g. on climate change, human rights, corruption, etc.) in every organization’s decision making process. It is currently the most widely used standard on sustainability reporting worldwide. At present, 42 countries and regions reference GRI in their policies. GRI is built upon a multi-stakeholder principle, which ensures the participation and expertise of diverse stakeholders in the development of its standards. The Global Sustainability Standards Board (GSSB) is GRI’s independent standard-setting body. In 2016, the GSSB restructured the GRI G4 Guidelines into a set of modular interrelated GRI Sustainability Reporting Standards (GRI Standards).","GRI ist eine internationale gemeinnützige Organisation, die sich seit 1997 auf die Nachhaltigkeitsberichterstattung von Unternehmen spezialisiert hat. Ihre Geschichte reicht zurück bis in die frühen 1990er Jahre, als die Coalition for Environmentally Reponsible Economies (CERES) einen Rahmen für die Umweltberichterstattung entwickelte. GRI zielt darauf ab, das Nachhaltigkeitsmanagement (in Bezug auf z.B. Klimawandel, Menschenrechte, Korruption usw.) in den Entscheidungsfindungsprozess jeder Organisation zu integrieren. Es ist derzeit der weltweit am häufigsten verwendete Standard für die erstellung von Nachhaltigkeitsberichten. Derzeit beziehen 42 Länder und Regionen die GRI in ihre Politik ein. GRI baut auf einem Multi-Stakeholder-Prinzip auf, das die Beteiligung und Expertise verschiedener Stakeholder bei der Entwicklung ihrer Standards sicherstellt. Das Global Sustainability Standards Board (GSSB) ist das unabhängige Standardisierungsgremium von GRI. Im Jahr 2016 hat die GSSB die GRI-G4-Richtlinien in eine Reihe von modular zusammenhängenden GRI-Nachhaltigkeitsberichterstattungsstandards (GRI-Standards) umstrukturiert.",1,2,2,1
FLA,n.a.,,Organisation,BtoB,,international,"The FLA is a joint project between companies, NGOs and universities that was established in the United States on the basis of an initiative by the Clinton administration. Companies from numerous different sectors participate in the FLA. The primary responsibility for monitoring working conditions at a production facility fall on the scheme’s member companies. Adidas, Apple, Fruit of the Loom, Hugo Boss, Nestlé are members.","Die FLA ist ein Gemeinschaftsprojekt von Unternehmen, NGOs und Universitäten, das auf Initiative der Clinton-Administration in den USA gegründet wurde. An der FLA nehmen Unternehmen aus verschiedenen Branchen teil. Die Hauptverantwortung für die Überwachung der Arbeitsbedingungen in den Produktionsstätten der Zulieferketten liegt allerdings nur bei den jeweiligen Mitgliedsunternehmen des Systems. Adidas, Apple, Fruit of the Loom, Hugo Boss und Nestlé sind Mitglieder.",2,1,3,1
SA 8000,n.a.,,Organisation,BtoB,,international,"Social Accountability International (SAI) is a non-governmental, not-for-profit organization that promotes human and worker’s rights through the development of a voluntary standard, named SA8000. It was initiated in 1997 and builds upon ILO and UN conventions. SAI partners with trade unions, NGOs, and other civil society organization to carry out research, training and capacity-building programs – but it is not a multi-stakeholder initiative. SAI provides a SA8000 Guidance Document and further development of implementation practices, training courses, local capacity building, etc. Companies can have their workplaces certified. Certification is done by the Social Accountability Accreditation Services (SAAS) and has to be published publicly. The list of more than 3,800 factories, across 69 countries and 65 industrial sectors is published online on the website of SAAS.","Dieses Gütesiegel / Zertifikat wird vor allem zwischen Unternehmen verwendet (Buisness to Business). Social Accountability International (SAI) ist eine nichtstaatliche, gemeinnützige Organisation, die Menschen- und Arbeitnehmerrechte durch die Entwicklung eines freiwilligen Standards mit dem Namen SA8000 fördert. Er wurde 1997 initiiert und baut auf IAO- und UN-Konventionen auf. Die ORKB arbeitet mit Gewerkschaften, Nichtregierungsorganisationen und anderen zivilgesellschaftlichen Organisationen zusammen, um Forschungs-, Ausbildungs- und Kapazitätsaufbauprogramme durchzuführen - aber es handelt sich nicht um eine Multi-Stakeholder-Initiative. SAI bietet ein SA8000 Guidance Document und die Weiterentwicklung von Implementierungspraktiken, Schulungskursen, lokaler Kapazitätsbildung usw. Unternehmen können ihre Arbeitsplätze zertifizieren lassen. Die Zertifizierung erfolgt durch die Social Accountability Accreditation Services (SAAS) und muss veröffentlicht werden. Eine Liste von mehr als 3.800 Fabriken in 69 Ländern und 65 Industriesektoren wird online auf der Website von SAAS veröffentlicht.",1,1,2,1
SAI Platform,n.a.,,Organisation,BtoB,,international,"The SAI Platform is a corporate-driven initiative that was founded by Nestlé, Unilever and Danone in 2002. It aims at ensuring a constant, increasing and safe supply of agricultural raw materials. The primary pillars of their work are capacity building for members and relevant stakeholders and communicating about sustainable agriculture towards food industries as well as food chain stakeholders. Currently, the platform counts more than 90 active and affiliate members, mostly comprising major brands and corporations, like Unilever, Coca-Cola, Cargill, McDonalds and Tesco. SAI Platform develops (or co-develops) tools and guidance to support global and local sustainable sourcing and agriculture practices. Examples of recently developed resources include: Practitioner’s Guide for Sustainable Sourcing; recommendations for Sustainability Performance Assessment (SPA); and the Farm Sustainability Assessment (FSA).","Dieses Gütesiegel / Zertifikat wird vor allem zwischen Unternehmen verwendet (Buisness to Business). Die SAI-Plattform ist eine unternehmerische Initiative, die 2002 von Nestlé, Unilever und Danone ins Leben gerufen wurde. Sie zielt darauf ab, eine konstante, zunehmende und sichere Versorgung mit landwirtschaftlichen Rohstoffen sicherzustellen. Die Hauptpfeiler ihrer Arbeit sind der Kapazitätsaufbau für Mitglieder und relevante Interessenvertreter und die Kommunikation über nachhaltige Landwirtschaft gegenüber der Lebensmittelindustrie und Interessengruppen der Lebensmittelkette. Derzeit zählt die Plattform mehr als 90 aktive Mitglieder, die hauptsächlich aus großen Marken und Unternehmen bestehen, wie Unilever, Coca-Cola, Cargill, McDonalds und Tesco. Die SAI-Plattform entwickelt Instrumente und Leitlinien zur Unterstützung globaler und lokaler nachhaltiger Beschaffungs- und Landwirtschaftspraktiken. Beispiele für kürzlich entwickelte Instrumente sind: Practitioner's Guide for Sustainable Sourcing; Empfehlungen für die Nachhaltigkeitsbewertung (SPA); und die Farm Sustainability Assessment (FSA).",1,1,1,1
SGF,n.a.,,Organisation,BtoB,,international,"SGF International is a private-sector initiative of food juice industry. It works with a voluntary control system (FKS), primarily checking food safety and quality in accordance with legislation. The responsibility to fulfill related due diligence and to ensure legal compliance remains with the participant. SGF certifies companies who process fruits, bottling plants, traders and agents of fruit juice as well as transport companies and refrigerated warehouse. The organisation has developed from the Schutzgemeinschaft der Fruchtsaft-Industrie, which was founded in 1974. Currently more than 650 companies in 60 countries are members.","Dieses Gütesiegel / Zertifikat wird vor allem zwischen Unternehmen verwendet (Buisness to Business). SGF International ist eine privatwirtschaftliche Initiative der Food-Saft-Industrie. Es arbeitet mit einem freiwilligen Kontrollsystem (FKS) zusammen, das in erster Linie die Lebensmittelsicherheit und -qualität auf Übereinstimmung mit dem Gesetz überprüft. Die Verantwortung für die Erfüllung der damit verbundenen Sorgfaltspflichten und die Gewährleistung der Rechtskonformität verbleibt beim Teilnehmer. SGF zertifiziert Unternehmen, die Obst verarbeiten, Abfüllbetriebe, Händler und Fruchtsaftpräparate sowie Transportunternehmen und Kühllager. Die Organisation hat sich aus der 1974 gegründeten Schutzgemeinschaft der Fruchtsaft-Industrie entwickelt. Derzeit sind mehr als 650 Unternehmen in 60 Ländern Mitglied.",1,1,1,1
EU organic,"all types of agricultural raw materials (plants, animals, fish)",,Product,BtoC,,international,"The label is a voluntary national organic certification program initiated and owned by the European Commission. It is based on the Council Regulation (EC) No 834/2007 of 28 June 2007 (and 889/2008) on organic production and labelling of organic products and repealing Regulation (EEC) No 2092/91. It has been implemented since July 2010 and has replaced the old European Organic label. The label aims at promoting organic farming in the EU, and signals to the consumer that at least 95% of the ingredients used in the processed organic food stems from organic origin and 5% considered an acceptable error margin. Requirements are checked by national systems of controls. In addition to the standard list of ingredients and nutritional value figures, organic product labels should bear the name of the producer, processor or distributor who last handled the item. The name or code number of the national certification and control authority is also indicated on the label.","Im Juli 2010 wurde EU-weit ein verbindliches neues Bio-Siegel eingeführt (auch als EU-Bio-Logo bezeichnet), das gemäß EU-Recht hergestellte biologische Lebensmittel kennzeichnet.[2] Durch die Einheitlichkeit soll ein breiter Markt gesichert werden – auch Nicht-EU-Länder richten ihre Verordnungen mittlerweile nach dem Lebensmittelrecht des europäischen Biosiegels aus. Es stellt den Mindeststandard aller in der EU veraufen Bio-Produkte dar. Dabei ist der Einsatz von chemisch-synthethischen Pestiziden oder künstlichen Düngemitteln verboten, in der Tierhaltung gibt es mehr Platz und Auslauf für Tiere. Produkte nach dem EU-Bio-Standard müssen min. 95% zertifizierte Inhaltsstoffe beinhalten.",2,2,1,2
FFL,all,,Product,BtoC,,international,"The Fair for Life Certification Programme has been jointly created in 2006 by the Swiss Bio-Foundation and the Institute for Marketecology (IMO). In September 2014 the ownership of the Fair for Life Programme was transferred from Bio-Foundation to IMOgroup AG. Fair for Life aims to support marginalised producers and workers worldwide to market their products under Fair Trade conditions, in particular smallholder producers who do not yet have access to the existing Fair Trade market. Fair for Life offers two different certification options: One is For Life – Social Responsibility Certification of either companies or products. The other is Fair for Life – Social & Fair Trade Certification of products for producers or traders. Fair for Life brand holder companies commit to fair sourcing practices and responsibilities towards their primary producers down the entire commodity chain. Fair for Life certification also confirms traceability of all certified products from production to sales. The standard was developed in accordance with ILO conventions, FLO standards, SA8000 and the ETI Base Code.","Fair for Life wurde von der Bio-Stiftung Schweiz und dem Institut für Marktökologie entwickelt und enthält eine breite Palette an Kriterien zu Sozial-, als auch eine kleinere Palette zu Umweltstandards. Bio-Landwirtschaft ist dabei kein Muss, konventionelle Bäuerinnen und Bauern müssen jedoch ein Konzept zur Verbesserung ihrer Umweltperformance (z.B. Reduktion des Pestizideinsatzes) darlegen.",2,3,3,1
Fairtrade,"Bananas, cocoa, coffee, sugar, tea, fresh fruit, honey, juices, rice, spices and herbs, wine","cotton, flowers, sport balls, carbon credits, gold",Product,BtoC,,international,"The first Fairtrade organisation was founded in 1988 in the Netherlands under the name of Max Havelaar. By now 24 other national Fairtrade organisations were founded, which are primarily responsible for national marketing. Since 1997 the international umbrella organisation Fairtrade International exists. It is the owner of various Fairtrade-Labels and develops the criteria. The Fairtrade standard for small farmers is product-independent and certifies small farmers (cooperatives). In addition to these criteria Fairtrade has developed product-specific standards that need to be met when producers aim for Fairtrade certification of these products.","Fairtrade ist ein weltweit einheitliches Siegel, dass Produkte aus fairem Handel kennzeichnet. Dabei wird zwischen dem Produkt- und Programmsiegel unterschieden. So beinhaltet z.B. Schokolade, die das Fairtrade-Kakaoprogramm-Siegel trägt, Fairtrade-Kakao, kann jedoch österreichischen Zucker einsetzen. Eine mit dem Fairtrade-Produktsiegel ausgelobte Schokolade muss sowohl Fairtrade-Kakao als auch Fairtrade-Zucker enthalten. Fairtrade beinhaltet neben einer Reihe von Sozialstandards auch manche Umweltmaßnahmen, wie z.B. solche zur guten fachlichen Praxis in der Landwirtschaft und dem Verbot von gentechnisch veränderten Organismen.",3,2,3,1
FSC,,"Wood, paper",Product,BtoC,,international,"The Forest Stewardship Council (FSC) emerged as an initiative from a group of foresters and forest owners together with timber users, traders and representatives of unions, environmental and human rights organizations in the early 1990s who were concerned about accelerating deforestation, environmental degradation and social exclusion. It was formerly established in the aftermath of the UN Conference on Environment and Development in 1992 and officially founded as legal entity in 1994 in Mexico. FSC is an international membership association governed by its members. FSC sets standards for the development and approval of FSC Stewardship Standards which are based on the FSC Principles and Criteria. This FSC Standards are focusing on the forest management and in a Chain of Custody standard on how the wood is treated when it has left the forests. In addition, FSC sets standards for the accreditation of conformity assessment bodies that certify compliance with FSC’s standards. Currently, 1,442 FM certificates exist in 83 countries, covering a total area of 195,206,770 hectare. Additionally, more than 31,600 Chain of Custody certificates are valid at the moment.","Der Forest Stewardship Council (FSC) ist eine Initiative einer Gruppe von Förstern und Waldbesitzern zusammen mit Nutzern, Händlern und Vertretern von Gewerkschaften, Umwelt- und Menschenrechtsorganisationen. Sie wurde in den frühen 1990er Jahren, aus Sorge über die zunehmende Entwaldung, Umweltzerstörung und soziale Mißstände geründet. Der FSC ist ein internationaler Mitgliedsverband, der von seinen Mitgliedern gesteuert wird. FSC setzt Standards für die Entwicklung und Zulassung von FSC Stewardship Standards, die auf den FSC Principles and Criteria basieren. Diese FSC-Standards konzentrieren sich auf die Waldbewirtschaftung und auf eine Chain-of-Custody-Norm, die festlegt wie das Holz behandelt wird, wenn es die Wälder verlassen hat. Darüber hinaus setzt FSC Standards für die Akkreditierung von Kontrollstellen, die die Einhaltung der FSC-Standards zertifizieren. Derzeit gibt es in 83 Ländern 1.442 FM-Zertifikate mit einer Gesamtfläche von 195.206.770 Hektar. Darüber hinaus sind derzeit mehr als 31.600 Chain-of-Custody-Zertifikate gültig.",3,1,1,1
Global Coffee Platform,Coffee,,Product,BtoC,,international,"The Global Coffee Platform (GCP) is a multi-stakeholder-initiative with a headquarters in Bonn. It is based on the 4C-Association and the Sustainable Coffee Program and currently undergoes transition with regard to the Baseline Common Code (BCC). The BCC is not an own standard, but a reference code which aims at ensuring comparability. 4C-Certification is currently conducted by the Coffee Assurance Services and is based on the BCC.","Die Global Coffee Platform (GCP) ist eine Multi-Stakeholder-Initiative mit Sitz in Bonn. Es basiert auf der 4C-Association und dem Sustainable Coffee Program und befindet sich derzeit im Hinblick auf den Baseline Common Code (BCC) in einer Übergangsphase. Der BCC ist kein eigener Standard, sondern ein Referenzcode, der die Vergleichbarkeit gewährleisten soll. Die 4C-Zertifizierung wird derzeit von den Coffee Assurance Services durchgeführt und basiert auf dem BCC.",2,2,2,1
Rainforest Alliance,"Bananas, cocoa, coffee, palm oil, tea",flowers,Product,BtoC,,international,"Rainforest Alliance was developed in 1986 in New York to counter the progressing deforestation of the rain forest. Since 1990, the organisation issues certificates for sustainable agriculture (bananas, coffee, cocoa, etc.) or for tourism. Rainforest Alliance supported the foundation of the Forest Stewardship Council (FSC) in 1993, and the Sustainable Agriculture network (SAN) in 1999, and is a founding member of ISEAL. SAN and Rainforest Alliance co-won the certification system. While SAN is primarily responsible for developing the standards and related guideline, Rainforest Alliance is the owner of the label Rainforest Alliance CertifiedTM. To become certified businesses need to fulfill the SAN-Standard. Certification applies to the whole agricultural plant, not only for specific products. The main aim of the initiative is to protect the rain forests and its biodiversity, as well as to mitigate climate change and to reduce poverty amongst indigenous populations who depend upon rain forests. To date almost one million businesses were certified according to the SAN-Standard. More than 95% of these are small farmers.","„Rainforest Alliance Certified“ wird für Produkte vergeben, deren Anbau vor allem in Regenwaldgebieten stattfindet. Der Kriterienkatalog fordert von teilnehmenden Betriebe von Jahr zu Jahr eine kontinuierliche Verbesserung ein. Diese umfassen vorwiegend Maßnahmen zu Umweltstandards im Anbau sowie zu Sozialstandards. So werden zahlreiche Maßnahmen zu guter landwirtschaftlichen Praxis gefordert, eine Ausbringung von Pestiziden mit dem Flugzeug ist jedoch nicht untersagt, ebenso nicht wie die Zerstörung von Regenwald. ProduzentInnen wird kein Abnahmepreis garantiert. Produkte dürfen das Rainforest Alliance Siegel tragen, sobald sie mehr als 30% zertifizierte Rohstoffe beinhalten.",2,2,2,1
RSPO,palm oil,,Product,BtoC,,international,"The Roundtabel on Sustainable Palm Oil (RSPO) was initiated by WWF and Unilever and founded in 2004 in Switzerland. The RSPO is a non-profit organisation with more than 3,000 members from 88 countries. It is a multi-stakeholder-initiative which represents different branches of the palm oil industry as well as environmental and human rights NGOs. The aim of the initiative is an ecologically and socially sustainable production of palm oil. Currently RSPO-certified palm oil holds a 17% share of produced palm oil worldwide, while more than 90% of it comes from Indonesia and Malaysia.","Der Roundtable for Sustainable Palm Oil (RSPO) wurde gegründet, um den Anbau von Palmöl nachhaltiger zu gestalten. Mitglieder dieses Vereins sind NGOs, Unternehmen, die Palmöl anbauen, verarbeiten oder handeln und InvestorInnen. Es gibt vier verschiedene Arten der RSPO-Zertifizierung, die sich hauptsächlich durch die Art der Rückverfolgbarkeit (Massenbilanz, Zertifikathandel, etc.) unterscheiden. RSPO umfasst viele Kriterien zu Umwelt- und Sozialstandards (Verbot von GVO, Einhaltung der ILO-Kernarbeitsnormen) und wird regelmäßig von unabhängigen Stellen kontrolliert, wobei die Qualität der Kontrollen oft kritisiert wird. Außerdem bekommt es wichtige Probleme beim Palmölanbau – Regenwaldabholzung und CO2-Ausstoß – nicht in den Griff. Angeprangert wird auch, dass das schwächste der vier Zertifikate – Green Palm – ein Etikettenschwindel ist.",1,2,2,1
UTZ,"Coffee, cocoa, tea, hazelnuts",,Product,BtoC,,international,"The Dutch coffee producer „Ahold Coffee Company“ which is part of the Food-Group-Ahold, founded the UTZ program with the support of Utz-Kapeh (“good coffee” in Maya-Quiché) and coffee farmers from Guatemala. In 2002 Utz became an independent foundation with headquarters in Amsterdam. In the same year UTZ sold the first certified coffee. In 2007 the organisation re-named as UTZ Certified, and extended its operation to include also tea and cocoa. In 2014 a program for hazelnuts was initiated and in 2016 UTZ certified changed to UTZ, because other programs than certification, like work related to climate change, child labour or promotion of living wages on sectoral level were included. The criteria are based on the private-label GLOBALG.A.P. for good agricultural practices. The traceability and transparency system goes beyond the standards requirements.","Mit UTZ Certified werden Produkte aus dem globalen Süden wie Kaffee, Tee, Kakao oder Nüsse zertifiziert. Der Code of Conduct von UTZ Certified bezieht sich in seinen Sozialstandards hauptsächlich auf die ILO-Kernarbeitsnormen (International Labour Organisation), nach denen Kinder- oder Zwangsarbeit verboten ist und der gesetzlich festgelegte Mindestlohn bezahlt werden muss. Den ProduzentInnen wird kein Mindestpreis garantiert, Regenwaldrodung wird nicht explizit untersagt. Im Code of Conduct von UTZ Certified wird zwar gute landwirtschaftliche Praxis gefordert, besonders gefährliche Pestizide werden jedoch nicht ausdrücklich verboten. Generell werden weniger handfeste Kriterien von ProduzentInnen verlangt, sondern eher vage Aufforderungen zu nachhaltigerem Anbau. Das Label findet sich bereits auf Produkten, die mindestens 60% zertifizierte Rohstoffe beinhalten.",2,2,2,1
Alnatura,,,,BtoC,,Austria,,"Die Alnatura Produktions- und Handels GmbH wurde im Jahr 1984 in Deutschland gegründet und bietet eine Reihe an biologisch-zertifizierten Bio-Produkten im Sortiment. Die Alnatura-Bio 7-Initiative beschreibt 7 Punkte, die dem Unternehmen wichtig sind. Einen eigenen Kriterienkatalog umfasst diese Initiative jedoch nicht, vielmehr wird darauf geachtet, Produkte zu listen, die von Bio-Verbänden stammen, die strengere Kriterien als die Mindestanforderungen der EU-Bio-Verordnung stellen.",1,2,1,2
AMA-Biozeichen (rot/weiß),,,,BtoC,,Austria,,"Sowohl das rote als auch das weiße AMA-Biozeichen ist in Österreich das staatliche Gütesiegel für heimische Bio-Produkte. In der Regel enthalten AMA-Bio-Produkte 100% zertifizierte Inhaltsstoffe. Bei verarbeiteten Produkten ist im Vergleich zu EU-Bio-Produkten die Liste erlaubter Zusatzstoffe kürzer. Bei Produkten mit dem roten AMA-Biosiegel stammen alle wertbestimmenden Bestandteile (min. 2/3 der Menge) aus Österreich. Bei einem Bananen-Jogurt stammt demnach die Milch für das Jogurt von österreichischen Kühen, die Bananen naturgemäß nicht.",2,3,1,2
AMA-Gütesiegel,,,,BtoC,,Austria,,"Analog zum AMA-Biosiegel beschreibt das AMA-Gütesiegel die 100%ige österreichische Herkunft der Rohstoffe. Die Kriterien werden vom Umweltministerium erarbeitet. Fleisch darf nur von Tieren stammen, die in Österreich geboren, gefüttert und geschlachtet wurden. Der Einsatz von gentechnisch verändertem Futter ist jedoch erlaubt. Das AMA-Gütesiegel setzt einige wenige Ansprüche an die gute landwirtschaftliche Praxis, Kriterien beziehen sich jedoch hauptsächlich auf Verarbeitungs- und Hygienevorschriften. Verarbeitete Produkte dürfen nur das Siegel führen, wenn die wertbestimmenden Bestandteile aus Österreich stammen",2,1,1,1
Bio Austria,,,,BtoC,,Austria,,"Bio Austria ist der größte Anbauverband österreichischer Biobäuerinnen und -bauern. Mitglieder erfüllen zahlreiche Kriterien, die über den Mindeststandard der EU-Bio Verordnung hinausgehen, wie strengere Kriterien bei Art, Ausmaß und Zeitpunkt des Einsatzes von biologischen Pflanzenschutz- und Düngemitteln, zur Erhöhung des Bodenschutzes und der Biodiversität. Futtermittel in der Tierhaltung stammen primär aus Österreich und Rinder bekommen im Vergleich zu gewöhnlichem Bio deutlich weniger Kraftfutter. Ebenso gibt es weitergehende Maßnahmen zu Platz und Ausgestaltung von Ställen.",2,3,1,3
Bio vom Berg,,,,BtoC,M-preis,Austria,,"Bio vom Berg ist die Marke einer Erzeugergenossenschaft Tiroler Biobäuerinnen und -bauern sowie Handelsmarke des Lebensmittelhändlers MPREIS. Produkte werden nach den Kriterien des AMA-Biosiegels produziert, eigene Kriterien umfasst das Label jedoch nicht. Der Fokus bei Bio vom  Berg liegt auf Regionalität (Tirol).",2,3,1,2
Demeter,,,,BtoC,,Austria,,"Demeter ist ein Anbauverband für Bio-Bäuerinnen und -Bauern, der sich der biologisch-dynamischen Landwirtschaft (gleichzeitiger Betrieb von Pflanzenbau und Tierhaltung) verschreibt. Im Vergleich zur EU-Bio Verordnung dürfen Rinder nicht enthornt werden und ihre Futtermittel mindestens zur Hälfte am eigenen Betrieb angebaut werden. Im Pflanzenbau liegt ein Fokus auf dem Einsatz von alternativwissenschaftlichen Methoden, in verarbeiteten Produkten ist der Einsatz von Zusatzstoffen strenger geregelt. Demeter fordert in seinem Kriterienkatalog eine Entlohnung, die menschenwürdige Arbeit ermöglicht, die jedoch weder näher definiert noch kontrolliert wird.",2,3,1,3
ECHT B!O,,,,BtoC,Penny,Austria,,"Echt B!o ist die Bio-Handelsmarke des Lebensmittelhändlers Penny in Österreich. Produkte entsprechen den Mindestanforderungen der EU-Bio-Verordnung, eigene Kriterien gelten jedoch nicht für die Marke.",1,2,1,2
Ja! Natürlich,,,,BtoC,REWE,Austria,,"Ja! Natürlich ist die Bio-Handelsmarke der REWE International AG. Die Umwelt- und Tierwohlstandards liegen bei dem Label deutlich über denen der EU-Bio Verordnung. Der Einsatz bestimmter biologischer Pflanzenschutzmittel ist untersagt bzw. eine Reduktion vorgeschrieben. Es herrscht verpflichtender Weidegang, stark reduzierter Kraftfuttereinsatz und das Verbot der Verfütterung von Soja an Rinder, Schweinen werden Wühl- und Beschäftigungsmöglichkeiten gegeben. Ja! Natürlich-Produkte wie z.B. Bananen müssen zusätzlich Fairtrade-zertifiziert sein. Es wird Wert auf eine reduzierte oder möglichst ökologische Verpackung gelegt.",2,3,2,3
Natürlich für uns,,,,BtoC,Zielpunkt,Austria,,"Natürlich für uns ist eine Bio-Handelsmarke, die bei UNIMARKT, MPREIS, Pro Kaufland, Tabor, Welas Park und bei ausgewählten Nah&Frisch Kaufleuten zu finden ist. Produkte entsprechen den Mindestanforderungen der EU-Bio-Verordnung, eigene, zusätzliche Kriterien gelten jedoch nicht für die Marke.",1,2,1,2
Natur aktiv,,,,BtoC,Hofer,Austria,,"Natur aktiv ist eine Bio-Handelsmarke des Diskonters Hofer. Produkte entsprechen den Mindestanforderungen der EU-Bio-Verordnung, eigene, zusätzliche Kriterien gelten jedoch nicht für die Marke.",1,2,1,2
"Pro Planet Obst, Gemüse, Eier und Wein",,,,BtoC,REWE,Austria,,"Die REWE International AG zeichnet in Österreich Produkte aus konventioneller Landwirtschaft aus, bei deren Produktion die Standards GLOBAL GAP und GRASP eingehalten werden. Das Label wird von GLOBAL 2000 mit wissenschaftlicher Expertise betreut, indem von allen liefernden Betrieben Umweltbilanzen berechnet werden, die festgelegte Grenzwerte nicht überschreiten dürfen. Betriebe werden in einem Stakeholderprozess in die Weiterentwicklung des Labels eingebunden und es bestehen Maßnahmen, auf den Einsatz bestimmter Pestizide zu verzichten oder deren Ausbringungsmenge zu verringern. Weitere Maßnahmen sind der Einsatz einer Leichtglasflasche bei Wein und die verpflichtende Freilandhaltung der Legehennen.",3,2,1,3
Pro Planet – weitere Produkte,,,,BtoC,REWE,Austria,,"Andere Produkte mit dem Pro Planet Logo als Obst, Gemüse, Eier oder Wein aus Österreich unterliegen einem anderen Labelling-Prozess. Dabei werden bei der Auswahl und Vergabe des Labels im Vorfeld Hot Spot Analysen erstellt, die besonders vorrangige ökologische oder soziale Handlungsfelder bei dem jeweiligen Produkt ermitteln. Eine Auflösung eines oder aller Hot Spots (Problemfelder bei der Produktion) ist jedoch für eine Vergabe des Logos nicht zwingend erforderlich. Ob ein Produkt das Pro Planet Logo tragen darf, wird in einem Beirat entschieden, der aus unabhängigen Experten von NGOs, unter anderem GLOBAL 2000, zusammengesetzt ist. Pro Planet-Produkte tragen oft noch weitere Label-Logos (sogenanntes Co-Labelling), die sich um die Hot Spots des jeweiligen Produkts „kümmern“.",1,1,1,1
Spar Natur Pur,,,,BtoC,Spar,Austria,,"Spar Natur Pur ist die Bio-Handelsmarke des Lebensmittelhändlers Spar. Produkte entsprechen den Mindestanforderungen der EU-Bio-Verordnung, eigene, zusätzliche Kriterien gelten jedoch nicht für die Marke.",1,2,1,2
Tierwohl verbessert,,,,BtoC,,Austria,,"Die Gesellschaft !Zukunft Tierwohl!, die vom Wiener Tierschutzverein und dem Verein gegen Tierfabriken (VgT) gegründet wurde, vergibt die Siegel Tierwohl verbessert, -gut, und kontrolliert. Während ""Tierwohl verbessert"" und ""Tierwohl gut"" für Fleisch und tierische Produkte aus konventioneller Landwirtschaft gelten und Standards höher als die gesetzlichen Mindeststandards definiert, wird ""Tierwohl kontrolliert"" (""zwei Hakerl"" und ""drei Hakerl"") für Tiere aus biologischer Landwirtschaft vergeben und übertrifft hier die Mindestanforderungen der EU-Bio Verordnung teilweise bzw. deutlich. Tierwohl kontrolliert mit drei „Hakerl“ stellt den höchsten Anspruch an das Tierwohl, indem z.B. die Laufstallhaltung für Rinder vorgeschrieben ist, sowie eine Gestaltung des Auslaufs für Legehennen, so dass dieser auch jedenfalls von den Tieren genutzt wird.",1,1,1,2
Tierwohl kontrolliert,,,,BtoC,,Austria,,"Die Gesellschaft !Zukunft Tierwohl!, die vom Wiener Tierschutzverein und dem Verein gegen Tierfabriken (VgT) gegründet wurde, vergibt die Siegel Tierwohl verbessert, -gut, und kontrolliert. Während ""Tierwohl verbessert"" und ""Tierwohl gut"" für Fleisch und tierische Produkte aus konventioneller Landwirtschaft gelten und Standards höher als die gesetzlichen Mindeststandards definiert, wird ""Tierwohl kontrolliert"" (""zwei Hakerl"" und ""drei Hakerl"") für Tiere aus biologischer Landwirtschaft vergeben und übertrifft hier die Mindestanforderungen der EU-Bio Verordnung teilweise bzw. deutlich. Tierwohl kontrolliert mit drei „Hakerl“ stellt den höchsten Anspruch an das Tierwohl, indem z.B. die Laufstallhaltung für Rinder vorgeschrieben ist, sowie eine Gestaltung des Auslaufs für Legehennen, so dass dieser auch jedenfalls von den Tieren genutzt wird.",1,1,1,3
Zurück zum Ursprung,,,,BtoC,HOFER,Austria,,"Zurück zum Ursprung ist die Bio-Handelsmarke des Diskonters Hofer. Die Umwelt- und Tierwohlstandards liegen deutlich über denen der EU-Bio Verordnung. Der Einsatz bestimmter biologischer Pflanzenschutzmittel ist untersagt bzw. eine Reduktion vorgeschrieben. Es herrscht verpflichtender Weidegang, stark reduzierter Kraftfuttereinsatz und das Verbot der Verfütterung von Soja an Rinder, Schweinen werden Wühl- und Beschäftigungsmöglichkeiten gegeben. Die Einhaltung der Tierwohlstandards wird bei Zurück zum Ursprung von externer Stelle zusätzlich überprüft (siehe Tierwohl kontrolliert). Es wird Wert auf eine reduzierte oder möglichst ökologische Verpackung gelegt.",2,3,1,3
Rapunzel,,,,BtoC,,Austria,,"Mit dem Hand in Hand-Siegel lobt das deutsche Unternehmen in Kooperation mit der Deutschen Umwelthilfe Produkte aus biologischer Landwirtschaft aus, bei denen mindestens 50% der Rohstoffe von Hand in Hand Betrieben stammen. Das Siegel beinhaltet neben der Verpflichtung zum kontrolliert biologischen Anbau eine Reihe von Mindestkriterien zur fairen Entlohnung, Arbeits- und Menschenrechten. Es gilt ein Verbot von Brandrodung, sowie der Rodung von Primärwald, nicht jedoch ein ausdrückliches Verbot der Regenwaldzerstörung.",3,3,3,2
GEPA,,,,BtoC,,Austria,,"Die Gesellschaft zur Förderung der Partnerschaft mit der dritten Welt, kurz GEPA, wird von mehreren sozialen bzw. karitativen Einrichtungen betrieben. Der Fokus bei GEPA liegt im Verkauf fair gehandelter Produkte des globalen Südens. Biologisch kontrollierter Anbau ist zwar keine Pflicht, jedoch stammen fast 80% aller GEPA fair+ Produkte aus biologischer Landwirtschaft. Die sozialen Kriterien von GEPA entsprechen einem hohen Anspruch, während ökologische Produktionsbedingungen nur vage beschrieben werden.",3,2,3,1
